"","Bird.Call","Location","Distance","Date","Confidence","jd","std_dev","mean_noise"
"1","Acadian Flycatcher","eno","25m",516,0.8779,137,0.0281525013386776,0.0594884739947621
"2","Acadian Flycatcher","eno","25m",516,0.9833,137,0.0281525013386776,0.0594884739947621
"3","Acadian Flycatcher","eno","25m",516,0.9122,137,0.0281525013386776,0.0594884739947621
"4","Acadian Flycatcher","eno","25m",516,0.986,137,0.0281525013386776,0.0594884739947621
"5","Acadian Flycatcher","eno","25m",516,0.8209,137,0.0281525013386776,0.0594884739947621
"6","Acadian Flycatcher","eno","25m",516,0.9338,137,0.0281525013386776,0.0594884739947621
"7","Acadian Flycatcher","eno","25m",516,0.9687,137,0.0281525013386776,0.0594884739947621
"8","Blue-gray Gnatcatcher","eno","25m",516,0.248,137,0.0281525013386776,0.0594884739947621
"9","Blue-gray Gnatcatcher","eno","25m",516,0.6267,137,0.0281525013386776,0.0594884739947621
"10","Blue-gray Gnatcatcher","eno","25m",516,0.1993,137,0.0281525013386776,0.0594884739947621
"11","Carolina Wren","eno","25m",516,0.3182,137,0.0281525013386776,0.0594884739947621
"12","Carolina Wren","eno","25m",516,0.9176,137,0.0281525013386776,0.0594884739947621
"13","Carolina Wren","eno","25m",516,0.51,137,0.0281525013386776,0.0594884739947621
"14","Carolina Wren","eno","25m",516,0.1124,137,0.0281525013386776,0.0594884739947621
"15","Eastern Wood-Pewee","eno","25m",516,0.1138,137,0.0281525013386776,0.0594884739947621
"16","Eastern Wood-Pewee","eno","25m",516,0.1106,137,0.0281525013386776,0.0594884739947621
"17","Eastern Wood-Pewee","eno","25m",516,0.3144,137,0.0281525013386776,0.0594884739947621
"18","Eastern Wood-Pewee","eno","25m",516,0.2209,137,0.0281525013386776,0.0594884739947621
"19","Mourning Dove","eno","25m",516,0.0294,137,0.0281525013386776,0.0594884739947621
"20","Mourning Dove","eno","25m",516,0.1627,137,0.0281525013386776,0.0594884739947621
"21","Mourning Dove","eno","25m",516,0.0702,137,0.0281525013386776,0.0594884739947621
"22","Mourning Dove","eno","25m",516,0.1346,137,0.0281525013386776,0.0594884739947621
"23","Yellow-billed Cuckoo","eno","25m",516,0.8902,137,0.0281525013386776,0.0594884739947621
"24","Yellow-billed Cuckoo","eno","25m",516,0.8524,137,0.0281525013386776,0.0594884739947621
"25","Yellow-billed Cuckoo","eno","25m",516,0.942,137,0.0281525013386776,0.0594884739947621
"26","Acadian Flycatcher","eno","25m",521,0.806,142,0.067820519204472,0.0882721839051551
"27","Blue-gray Gnatcatcher","eno","25m",521,0.6369,142,0.067820519204472,0.0882721839051551
"28","Carolina Wren","eno","25m",521,0.4157,142,0.067820519204472,0.0882721839051551
"29","Eastern Wood-Pewee","eno","25m",521,0.5729,142,0.067820519204472,0.0882721839051551
"30","Mourning Dove","eno","25m",521,0.2142,142,0.067820519204472,0.0882721839051551
"31","Yellow-billed Cuckoo","eno","25m",521,0.9006,142,0.067820519204472,0.0882721839051551
"32","Blue-gray Gnatcatcher","eno","25m",521,0.9601,142,0.067820519204472,0.0882721839051551
"33","Carolina Wren","eno","25m",521,0.9604,142,0.067820519204472,0.0882721839051551
"34","Eastern Wood-Pewee","eno","25m",521,0.3371,142,0.067820519204472,0.0882721839051551
"35","Mourning Dove","eno","25m",521,0.2365,142,0.067820519204472,0.0882721839051551
"36","Yellow-billed Cuckoo","eno","25m",521,0.9761,142,0.067820519204472,0.0882721839051551
"37","Acadian Flycatcher","eno","25m",521,0.5688,142,0.067820519204472,0.0882721839051551
"38","Blue-gray Gnatcatcher","eno","25m",521,0.8818,142,0.067820519204472,0.0882721839051551
"39","Carolina Wren","eno","25m",521,0.6596,142,0.067820519204472,0.0882721839051551
"40","Eastern Wood-Pewee","eno","25m",521,0.2001,142,0.067820519204472,0.0882721839051551
"41","Mourning Dove","eno","25m",521,0.2484,142,0.067820519204472,0.0882721839051551
"42","Yellow-billed Cuckoo","eno","25m",521,0.8077,142,0.067820519204472,0.0882721839051551
"43","Acadian Flycatcher","eno","25m",521,0.8742,142,0.067820519204472,0.0882721839051551
"44","Blue-gray Gnatcatcher","eno","25m",521,0.7797,142,0.067820519204472,0.0882721839051551
"45","Carolina Wren","eno","25m",521,0.4712,142,0.067820519204472,0.0882721839051551
"46","Eastern Wood-Pewee","eno","25m",521,0.0079,142,0.067820519204472,0.0882721839051551
"47","Mourning Dove","eno","25m",521,0.3096,142,0.067820519204472,0.0882721839051551
"48","Yellow-billed Cuckoo","eno","25m",521,0.978,142,0.067820519204472,0.0882721839051551
"49","Acadian Flycatcher","eno","50m",521,0.6454,142,0.067820519204472,0.0882721839051551
"50","Blue-gray Gnatcatcher","eno","50m",521,0.3755,142,0.067820519204472,0.0882721839051551
"51","Carolina Wren","eno","50m",521,0.571,142,0.067820519204472,0.0882721839051551
"52","Eastern Wood-Pewee","eno","50m",521,0.5109,142,0.067820519204472,0.0882721839051551
"53","Mourning Dove","eno","50m",521,0.0024,142,0.067820519204472,0.0882721839051551
"54","Yellow-billed Cuckoo","eno","50m",521,0.0136,142,0.067820519204472,0.0882721839051551
"55","Acadian Flycatcher","eno","50m",521,0.7733,142,0.067820519204472,0.0882721839051551
"56","Blue-gray Gnatcatcher","eno","50m",521,0.4326,142,0.067820519204472,0.0882721839051551
"57","Carolina Wren","eno","50m",521,0.7421,142,0.067820519204472,0.0882721839051551
"58","Eastern Wood-Pewee","eno","50m",521,0.7125,142,0.067820519204472,0.0882721839051551
"59","Mourning Dove","eno","50m",521,0.0014,142,0.067820519204472,0.0882721839051551
"60","Yellow-billed Cuckoo","eno","50m",521,0.0028,142,0.067820519204472,0.0882721839051551
"61","Acadian Flycatcher","eno","50m",521,0.7067,142,0.067820519204472,0.0882721839051551
"62","Blue-gray Gnatcatcher","eno","50m",521,0.8503,142,0.067820519204472,0.0882721839051551
"63","Carolina Wren","eno","50m",521,0.9296,142,0.067820519204472,0.0882721839051551
"64","Eastern Wood-Pewee","eno","50m",521,0.901,142,0.067820519204472,0.0882721839051551
"65","Mourning Dove","eno","50m",521,4e-04,142,0.067820519204472,0.0882721839051551
"66","Yellow-billed Cuckoo","eno","50m",521,0.0011,142,0.067820519204472,0.0882721839051551
"67","Acadian Flycatcher","eno","50m",521,0.1445,142,0.067820519204472,0.0882721839051551
"68","Blue-gray Gnatcatcher","eno","50m",521,0.0015,142,0.067820519204472,0.0882721839051551
"69","Carolina Wren","eno","50m",521,0.4808,142,0.067820519204472,0.0882721839051551
"70","Eastern Wood-Pewee","eno","50m",521,0.4918,142,0.067820519204472,0.0882721839051551
"71","Mourning Dove","eno","50m",521,0.004,142,0.067820519204472,0.0882721839051551
"72","Yellow-billed Cuckoo","eno","50m",521,0.0126,142,0.067820519204472,0.0882721839051551
"73","Acadian Flycatcher","eno","25m",618,0.8852,170,0.00813053385650396,0.0158828649711187
"74","Blue-gray Gnatcatcher","eno","25m",618,0.9838,170,0.00813053385650396,0.0158828649711187
"75","Carolina Wren","eno","25m",618,0.8698,170,0.00813053385650396,0.0158828649711187
"76","Eastern Wood-Pewee","eno","25m",618,0.7578,170,0.00813053385650396,0.0158828649711187
"77","Mourning Dove","eno","25m",618,0.9092,170,0.00813053385650396,0.0158828649711187
"78","Yellow-billed Cuckoo","eno","25m",618,0.9239,170,0.00813053385650396,0.0158828649711187
"79","Acadian Flycatcher","eno","25m",618,0.6036,170,0.00813053385650396,0.0158828649711187
"80","Blue-gray Gnatcatcher","eno","25m",618,0.8447,170,0.00813053385650396,0.0158828649711187
"81","Carolina Wren","eno","25m",618,0.4409,170,0.00813053385650396,0.0158828649711187
"82","Eastern Wood-Pewee","eno","25m",618,0.9257,170,0.00813053385650396,0.0158828649711187
"83","Mourning Dove","eno","25m",618,0.8275,170,0.00813053385650396,0.0158828649711187
"84","Yellow-billed Cuckoo","eno","25m",618,0.9687,170,0.00813053385650396,0.0158828649711187
"85","Acadian Flycatcher","eno","25m",618,0.3037,170,0.00813053385650396,0.0158828649711187
"86","Blue-gray Gnatcatcher","eno","25m",618,0.962,170,0.00813053385650396,0.0158828649711187
"87","Carolina Wren","eno","25m",618,0.9737,170,0.00813053385650396,0.0158828649711187
"88","Eastern Wood-Pewee","eno","25m",618,0.5545,170,0.00813053385650396,0.0158828649711187
"89","Mourning Dove","eno","25m",618,0.1854,170,0.00813053385650396,0.0158828649711187
"90","Yellow-billed Cuckoo","eno","25m",618,0.9379,170,0.00813053385650396,0.0158828649711187
"91","Acadian Flycatcher","eno","50m",618,0.0077,170,0.00813053385650396,0.0158828649711187
"92","Blue-gray Gnatcatcher","eno","50m",618,0.6358,170,0.00813053385650396,0.0158828649711187
"93","Carolina Wren","eno","50m",618,9e-04,170,0.00813053385650396,0.0158828649711187
"94","Eastern Wood-Pewee","eno","50m",618,0.0115,170,0.00813053385650396,0.0158828649711187
"95","Mourning Dove","eno","50m",618,0.05,170,0.00813053385650396,0.0158828649711187
"96","Yellow-billed Cuckoo","eno","50m",618,0.6367,170,0.00813053385650396,0.0158828649711187
"97","Acadian Flycatcher","eno","50m",618,0.0314,170,0.00813053385650396,0.0158828649711187
"98","Blue-gray Gnatcatcher","eno","50m",618,0.4392,170,0.00813053385650396,0.0158828649711187
"99","Carolina Wren","eno","50m",618,0.1275,170,0.00813053385650396,0.0158828649711187
"100","Eastern Wood-Pewee","eno","50m",618,0.634,170,0.00813053385650396,0.0158828649711187
"101","Mourning Dove","eno","50m",618,0.0988,170,0.00813053385650396,0.0158828649711187
"102","Yellow-billed Cuckoo","eno","50m",618,0.9896,170,0.00813053385650396,0.0158828649711187
"103","Acadian Flycatcher","eno","50m",618,0.1919,170,0.00813053385650396,0.0158828649711187
"104","Blue-gray Gnatcatcher","eno","50m",618,0.4711,170,0.00813053385650396,0.0158828649711187
"105","Carolina Wren","eno","50m",618,0.3228,170,0.00813053385650396,0.0158828649711187
"106","Eastern Wood-Pewee","eno","50m",618,0.4842,170,0.00813053385650396,0.0158828649711187
"107","Mourning Dove","eno","50m",618,0.2444,170,0.00813053385650396,0.0158828649711187
"108","Yellow-billed Cuckoo","eno","50m",618,0.9955,170,0.00813053385650396,0.0158828649711187
"109","Acadian Flycatcher","eno","50m",618,0.1365,170,0.00813053385650396,0.0158828649711187
"110","Blue-gray Gnatcatcher","eno","50m",618,0.2859,170,0.00813053385650396,0.0158828649711187
"111","Carolina Wren","eno","50m",618,0.4052,170,0.00813053385650396,0.0158828649711187
"112","Eastern Wood-Pewee","eno","50m",618,0.0079,170,0.00813053385650396,0.0158828649711187
"113","Mourning Dove","eno","50m",618,0.0084,170,0.00813053385650396,0.0158828649711187
"114","Yellow-billed Cuckoo","eno","50m",618,0.9765,170,0.00813053385650396,0.0158828649711187
"115","Acadian Flycatcher","jmill","25m",520,0.9047,141,0.0800073461352039,0.170275328545878
"116","Acadian Flycatcher","jmill","25m",520,0.8763,141,0.0800073461352039,0.170275328545878
"117","Acadian Flycatcher","jmill","25m",520,0.8588,141,0.0800073461352039,0.170275328545878
"118","Blue-gray Gnatcatcher","jmill","25m",520,0.7211,141,0.0800073461352039,0.170275328545878
"119","Blue-gray Gnatcatcher","jmill","25m",520,0.878,141,0.0800073461352039,0.170275328545878
"120","Blue-gray Gnatcatcher","jmill","25m",520,0.7697,141,0.0800073461352039,0.170275328545878
"121","Carolina Wren","jmill","25m",520,0.3658,141,0.0800073461352039,0.170275328545878
"122","Carolina Wren","jmill","25m",520,0.8716,141,0.0800073461352039,0.170275328545878
"123","Carolina Wren","jmill","25m",520,0.9614,141,0.0800073461352039,0.170275328545878
"124","Eastern Wood-Pewee","jmill","25m",520,0.78,141,0.0800073461352039,0.170275328545878
"125","Eastern Wood-Pewee","jmill","25m",520,0.5833,141,0.0800073461352039,0.170275328545878
"126","Eastern Wood-Pewee","jmill","25m",520,0.8497,141,0.0800073461352039,0.170275328545878
"127","Mourning Dove","jmill","25m",520,0.8197,141,0.0800073461352039,0.170275328545878
"128","Mourning Dove","jmill","25m",520,0.9928,141,0.0800073461352039,0.170275328545878
"129","Mourning Dove","jmill","25m",520,0.817,141,0.0800073461352039,0.170275328545878
"130","Yellow-billed Cuckoo","jmill","25m",520,0.9655,141,0.0800073461352039,0.170275328545878
"131","Yellow-billed Cuckoo","jmill","25m",520,0.9616,141,0.0800073461352039,0.170275328545878
"132","Yellow-billed Cuckoo","jmill","25m",520,0.9917,141,0.0800073461352039,0.170275328545878
"133","Acadian Flycatcher","jmill","50m",520,0.4586,141,0.0800073461352039,0.170275328545878
"134","Acadian Flycatcher","jmill","50m",520,0.1685,141,0.0800073461352039,0.170275328545878
"135","Acadian Flycatcher","jmill","50m",520,0.5524,141,0.0800073461352039,0.170275328545878
"136","Blue-gray Gnatcatcher","jmill","50m",520,0.0112,141,0.0800073461352039,0.170275328545878
"137","Blue-gray Gnatcatcher","jmill","50m",520,0.1692,141,0.0800073461352039,0.170275328545878
"138","Blue-gray Gnatcatcher","jmill","50m",520,0.1818,141,0.0800073461352039,0.170275328545878
"139","Carolina Wren","jmill","50m",520,0.4866,141,0.0800073461352039,0.170275328545878
"140","Carolina Wren","jmill","50m",520,0.2432,141,0.0800073461352039,0.170275328545878
"141","Carolina Wren","jmill","50m",520,0.6709,141,0.0800073461352039,0.170275328545878
"142","Eastern Wood-Pewee","jmill","50m",520,0.1273,141,0.0800073461352039,0.170275328545878
"143","Eastern Wood-Pewee","jmill","50m",520,0.0647,141,0.0800073461352039,0.170275328545878
"144","Eastern Wood-Pewee","jmill","50m",520,0.0648,141,0.0800073461352039,0.170275328545878
"145","Mourning Dove","jmill","50m",520,0.2065,141,0.0800073461352039,0.170275328545878
"146","Mourning Dove","jmill","50m",520,0.0719,141,0.0800073461352039,0.170275328545878
"147","Yellow-billed Cuckoo","jmill","50m",520,0.6994,141,0.0800073461352039,0.170275328545878
"148","Yellow-billed Cuckoo","jmill","50m",520,0.8007,141,0.0800073461352039,0.170275328545878
"149","Yellow-billed Cuckoo","jmill","50m",520,0.5301,141,0.0800073461352039,0.170275328545878
"150","Acadian Flycatcher","jmill","25m",617,0.7962,169,0.00141937593735683,0.00786338267855732
"151","Blue-gray Gnatcatcher","jmill","25m",617,0.829,169,0.00141937593735683,0.00786338267855732
"152","Carolina Wren","jmill","25m",617,0.6029,169,0.00141937593735683,0.00786338267855732
"153","Eastern Wood-Pewee","jmill","25m",617,0.9073,169,0.00141937593735683,0.00786338267855732
"154","Mourning Dove","jmill","25m",617,0.1684,169,0.00141937593735683,0.00786338267855732
"155","Yellow-billed Cuckoo","jmill","25m",617,0.9955,169,0.00141937593735683,0.00786338267855732
"156","Acadian Flycatcher","jmill","25m",617,0.8503,169,0.00141937593735683,0.00786338267855732
"157","Blue-gray Gnatcatcher","jmill","25m",617,0.9169,169,0.00141937593735683,0.00786338267855732
"158","Carolina Wren","jmill","25m",617,0.8237,169,0.00141937593735683,0.00786338267855732
"159","Eastern Wood-Pewee","jmill","25m",617,0.8529,169,0.00141937593735683,0.00786338267855732
"160","Mourning Dove","jmill","25m",617,0.2335,169,0.00141937593735683,0.00786338267855732
"161","Yellow-billed Cuckoo","jmill","25m",617,0.9934,169,0.00141937593735683,0.00786338267855732
"162","Acadian Flycatcher","jmill","25m",617,0.915,169,0.00141937593735683,0.00786338267855732
"163","Blue-gray Gnatcatcher","jmill","25m",617,0.7605,169,0.00141937593735683,0.00786338267855732
"164","Carolina Wren","jmill","25m",617,0.8167,169,0.00141937593735683,0.00786338267855732
"165","Eastern Wood-Pewee","jmill","25m",617,0.7338,169,0.00141937593735683,0.00786338267855732
"166","Mourning Dove","jmill","25m",617,0.0316,169,0.00141937593735683,0.00786338267855732
"167","Yellow-billed Cuckoo","jmill","25m",617,0.9673,169,0.00141937593735683,0.00786338267855732
"168","Acadian Flycatcher","jmill","50m",617,0.9498,169,0.00141937593735683,0.00786338267855732
"169","Blue-gray Gnatcatcher","jmill","50m",617,0.6774,169,0.00141937593735683,0.00786338267855732
"170","Carolina Wren","jmill","50m",617,0.3126,169,0.00141937593735683,0.00786338267855732
"171","Eastern Wood-Pewee","jmill","50m",617,0.8237,169,0.00141937593735683,0.00786338267855732
"172","Mourning Dove","jmill","50m",617,0.0428,169,0.00141937593735683,0.00786338267855732
"173","Yellow-billed Cuckoo","jmill","50m",617,0.9626,169,0.00141937593735683,0.00786338267855732
"174","Acadian Flycatcher","jmill","50m",617,0.9439,169,0.00141937593735683,0.00786338267855732
"175","Blue-gray Gnatcatcher","jmill","50m",617,0.6472,169,0.00141937593735683,0.00786338267855732
"176","Carolina Wren","jmill","50m",617,0.2752,169,0.00141937593735683,0.00786338267855732
"177","Eastern Wood-Pewee","jmill","50m",617,0.5551,169,0.00141937593735683,0.00786338267855732
"178","Mourning Dove","jmill","50m",617,0.0298,169,0.00141937593735683,0.00786338267855732
"179","Yellow-billed Cuckoo","jmill","50m",617,0.4572,169,0.00141937593735683,0.00786338267855732
"180","Acadian Flycatcher","jmill","50m",617,0.9251,169,0.00141937593735683,0.00786338267855732
"181","Blue-gray Gnatcatcher","jmill","50m",617,0.6537,169,0.00141937593735683,0.00786338267855732
"182","Carolina Wren","jmill","50m",617,0.6327,169,0.00141937593735683,0.00786338267855732
"183","Eastern Wood-Pewee","jmill","50m",617,0.7046,169,0.00141937593735683,0.00786338267855732
"184","Mourning Dove","jmill","50m",617,0.044,169,0.00141937593735683,0.00786338267855732
"185","Yellow-billed Cuckoo","jmill","50m",617,0.9949,169,0.00141937593735683,0.00786338267855732
"186","Acadian Flycatcher","jmill","50m",617,0.6057,169,0.00141937593735683,0.00786338267855732
"187","Blue-gray Gnatcatcher","jmill","50m",617,0.7769,169,0.00141937593735683,0.00786338267855732
"188","Carolina Wren","jmill","50m",617,0.8525,169,0.00141937593735683,0.00786338267855732
"189","Eastern Wood-Pewee","jmill","50m",617,0.8426,169,0.00141937593735683,0.00786338267855732
"190","Mourning Dove","jmill","50m",617,0.0507,169,0.00141937593735683,0.00786338267855732
"191","Yellow-billed Cuckoo","jmill","50m",617,0.9975,169,0.00141937593735683,0.00786338267855732
"192","Acadian Flycatcher","ncbg","25m",517,0.9879,138,0.0545879766292936,0.11689130404062
"193","Acadian Flycatcher","ncbg","25m",517,0.9848,138,0.0545879766292936,0.11689130404062
"194","Acadian Flycatcher","ncbg","25m",517,0.9563,138,0.0545879766292936,0.11689130404062
"195","Blue-gray Gnatcatcher","ncbg","25m",517,0.758,138,0.0545879766292936,0.11689130404062
"196","Blue-gray Gnatcatcher","ncbg","25m",517,0.884,138,0.0545879766292936,0.11689130404062
"197","Blue-gray Gnatcatcher","ncbg","25m",517,0.8422,138,0.0545879766292936,0.11689130404062
"198","Carolina Wren","ncbg","25m",517,0.8096,138,0.0545879766292936,0.11689130404062
"199","Carolina Wren","ncbg","25m",517,0.6232,138,0.0545879766292936,0.11689130404062
"200","Carolina Wren","ncbg","25m",517,0.2501,138,0.0545879766292936,0.11689130404062
"201","Eastern Wood-Pewee","ncbg","25m",517,0.6409,138,0.0545879766292936,0.11689130404062
"202","Eastern Wood-Pewee","ncbg","25m",517,0.2289,138,0.0545879766292936,0.11689130404062
"203","Eastern Wood-Pewee","ncbg","25m",517,0.6107,138,0.0545879766292936,0.11689130404062
"204","Mourning Dove","ncbg","25m",517,0.7703,138,0.0545879766292936,0.11689130404062
"205","Mourning Dove","ncbg","25m",517,0.4467,138,0.0545879766292936,0.11689130404062
"206","Mourning Dove","ncbg","25m",517,0.5375,138,0.0545879766292936,0.11689130404062
"207","Yellow-billed Cuckoo","ncbg","25m",517,0.9371,138,0.0545879766292936,0.11689130404062
"208","Yellow-billed Cuckoo","ncbg","25m",517,0.9338,138,0.0545879766292936,0.11689130404062
"209","Yellow-billed Cuckoo","ncbg","25m",517,0.8633,138,0.0545879766292936,0.11689130404062
"210","Acadian Flycatcher","ncbg","25m",524,0.9642,145,0.0120957360817717,0.0302925805069077
"211","Blue-gray Gnatcatcher","ncbg","25m",524,0.9396,145,0.0120957360817717,0.0302925805069077
"212","Carolina Wren","ncbg","25m",524,0.9667,145,0.0120957360817717,0.0302925805069077
"213","Eastern Wood-Pewee","ncbg","25m",524,0.9247,145,0.0120957360817717,0.0302925805069077
"214","Mourning Dove","ncbg","25m",524,0.163,145,0.0120957360817717,0.0302925805069077
"215","Yellow-billed Cuckoo","ncbg","25m",524,0.9915,145,0.0120957360817717,0.0302925805069077
"216","Acadian Flycatcher","ncbg","25m",524,0.808,145,0.0120957360817717,0.0302925805069077
"217","Blue-gray Gnatcatcher","ncbg","25m",524,0.9458,145,0.0120957360817717,0.0302925805069077
"218","Carolina Wren","ncbg","25m",524,0.9962,145,0.0120957360817717,0.0302925805069077
"219","Eastern Wood-Pewee","ncbg","25m",524,0.896,145,0.0120957360817717,0.0302925805069077
"220","Mourning Dove","ncbg","25m",524,0.8241,145,0.0120957360817717,0.0302925805069077
"221","Yellow-billed Cuckoo","ncbg","25m",524,0.9622,145,0.0120957360817717,0.0302925805069077
"222","Acadian Flycatcher","ncbg","25m",524,0.9755,145,0.0120957360817717,0.0302925805069077
"223","Blue-gray Gnatcatcher","ncbg","25m",524,0.9755,145,0.0120957360817717,0.0302925805069077
"224","Carolina Wren","ncbg","25m",524,0.9988,145,0.0120957360817717,0.0302925805069077
"225","Eastern Wood-Pewee","ncbg","25m",524,0.8567,145,0.0120957360817717,0.0302925805069077
"226","Mourning Dove","ncbg","25m",524,0.6492,145,0.0120957360817717,0.0302925805069077
"227","Yellow-billed Cuckoo","ncbg","25m",524,0.9917,145,0.0120957360817717,0.0302925805069077
"228","Acadian Flycatcher","ncbg","25m",524,0.9229,145,0.0120957360817717,0.0302925805069077
"229","Blue-gray Gnatcatcher","ncbg","25m",524,0.9025,145,0.0120957360817717,0.0302925805069077
"230","Carolina Wren","ncbg","25m",524,0.9928,145,0.0120957360817717,0.0302925805069077
"231","Eastern Wood-Pewee","ncbg","25m",524,0.748,145,0.0120957360817717,0.0302925805069077
"232","Mourning Dove","ncbg","25m",524,0.6238,145,0.0120957360817717,0.0302925805069077
"233","Yellow-billed Cuckoo","ncbg","25m",524,0.9974,145,0.0120957360817717,0.0302925805069077
"234","Acadian Flycatcher","ncbg","25m",614,0.418,166,0.00600816364647804,0.0166425217746495
"235","Blue-gray Gnatcatcher","ncbg","25m",614,0.9612,166,0.00600816364647804,0.0166425217746495
"236","Carolina Wren","ncbg","25m",614,0.9316,166,0.00600816364647804,0.0166425217746495
"237","Eastern Wood-Pewee","ncbg","25m",614,0.6315,166,0.00600816364647804,0.0166425217746495
"238","Mourning Dove","ncbg","25m",614,0.9307,166,0.00600816364647804,0.0166425217746495
"239","Yellow-billed Cuckoo","ncbg","25m",614,0.9122,166,0.00600816364647804,0.0166425217746495
"240","Acadian Flycatcher","ncbg","25m",614,0.7687,166,0.00600816364647804,0.0166425217746495
"241","Blue-gray Gnatcatcher","ncbg","25m",614,0.9545,166,0.00600816364647804,0.0166425217746495
"242","Carolina Wren","ncbg","25m",614,0.9466,166,0.00600816364647804,0.0166425217746495
"243","Eastern Wood-Pewee","ncbg","25m",614,0.7757,166,0.00600816364647804,0.0166425217746495
"244","Mourning Dove","ncbg","25m",614,0.5983,166,0.00600816364647804,0.0166425217746495
"245","Yellow-billed Cuckoo","ncbg","25m",614,0.973,166,0.00600816364647804,0.0166425217746495
"246","Acadian Flycatcher","ncbg","25m",614,0.9197,166,0.00600816364647804,0.0166425217746495
"247","Blue-gray Gnatcatcher","ncbg","25m",614,0.7333,166,0.00600816364647804,0.0166425217746495
"248","Carolina Wren","ncbg","25m",614,0.9918,166,0.00600816364647804,0.0166425217746495
"249","Eastern Wood-Pewee","ncbg","25m",614,0.5921,166,0.00600816364647804,0.0166425217746495
"250","Mourning Dove","ncbg","25m",614,0.8765,166,0.00600816364647804,0.0166425217746495
"251","Yellow-billed Cuckoo","ncbg","25m",614,0.9351,166,0.00600816364647804,0.0166425217746495
"252","Acadian Flycatcher","ncbg","50m",524,0.9106,145,0.0120957360817717,0.0302925805069077
"253","Blue-gray Gnatcatcher","ncbg","50m",524,0.8619,145,0.0120957360817717,0.0302925805069077
"254","Carolina Wren","ncbg","50m",524,0.9997,145,0.0120957360817717,0.0302925805069077
"255","Eastern Wood-Pewee","ncbg","50m",524,0.8284,145,0.0120957360817717,0.0302925805069077
"256","Mourning Dove","ncbg","50m",524,0.0058,145,0.0120957360817717,0.0302925805069077
"257","Yellow-billed Cuckoo","ncbg","50m",524,0.9883,145,0.0120957360817717,0.0302925805069077
"258","Acadian Flycatcher","ncbg","50m",524,0.9711,145,0.0120957360817717,0.0302925805069077
"259","Blue-gray Gnatcatcher","ncbg","50m",524,0.9379,145,0.0120957360817717,0.0302925805069077
"260","Carolina Wren","ncbg","50m",524,0.9955,145,0.0120957360817717,0.0302925805069077
"261","Eastern Wood-Pewee","ncbg","50m",524,0.9177,145,0.0120957360817717,0.0302925805069077
"262","Mourning Dove","ncbg","50m",524,0.0384,145,0.0120957360817717,0.0302925805069077
"263","Yellow-billed Cuckoo","ncbg","50m",524,0.8753,145,0.0120957360817717,0.0302925805069077
"264","Acadian Flycatcher","ncbg","50m",524,0.7909,145,0.0120957360817717,0.0302925805069077
"265","Blue-gray Gnatcatcher","ncbg","50m",524,0.8564,145,0.0120957360817717,0.0302925805069077
"266","Carolina Wren","ncbg","50m",524,0.9993,145,0.0120957360817717,0.0302925805069077
"267","Eastern Wood-Pewee","ncbg","50m",524,0.9291,145,0.0120957360817717,0.0302925805069077
"268","Mourning Dove","ncbg","50m",524,0.0121,145,0.0120957360817717,0.0302925805069077
"269","Yellow-billed Cuckoo","ncbg","50m",524,0.9948,145,0.0120957360817717,0.0302925805069077
"270","Acadian Flycatcher","ncbg","50m",614,0.6895,166,0.00600816364647804,0.0166425217746495
"271","Blue-gray Gnatcatcher","ncbg","50m",614,0.5065,166,0.00600816364647804,0.0166425217746495
"272","Carolina Wren","ncbg","50m",614,0.3419,166,0.00600816364647804,0.0166425217746495
"273","Eastern Wood-Pewee","ncbg","50m",614,0.5721,166,0.00600816364647804,0.0166425217746495
"274","Mourning Dove","ncbg","50m",614,0.0079,166,0.00600816364647804,0.0166425217746495
"275","Yellow-billed Cuckoo","ncbg","50m",614,2e-04,166,0.00600816364647804,0.0166425217746495
"276","Acadian Flycatcher","ncbg","50m",614,0.6878,166,0.00600816364647804,0.0166425217746495
"277","Blue-gray Gnatcatcher","ncbg","50m",614,0.8334,166,0.00600816364647804,0.0166425217746495
"278","Carolina Wren","ncbg","50m",614,0.989,166,0.00600816364647804,0.0166425217746495
"279","Eastern Wood-Pewee","ncbg","50m",614,0.0069,166,0.00600816364647804,0.0166425217746495
"280","Mourning Dove","ncbg","50m",614,5e-04,166,0.00600816364647804,0.0166425217746495
"281","Yellow-billed Cuckoo","ncbg","50m",614,0.0036,166,0.00600816364647804,0.0166425217746495
"282","Acadian Flycatcher","ncbg","50m",614,0.0029,166,0.00600816364647804,0.0166425217746495
"283","Blue-gray Gnatcatcher","ncbg","50m",614,0.3475,166,0.00600816364647804,0.0166425217746495
"284","Carolina Wren","ncbg","50m",614,0.8434,166,0.00600816364647804,0.0166425217746495
"285","Eastern Wood-Pewee","ncbg","50m",614,0.0408,166,0.00600816364647804,0.0166425217746495
"286","Mourning Dove","ncbg","50m",614,0.0011,166,0.00600816364647804,0.0166425217746495
"287","Yellow-billed Cuckoo","ncbg","50m",614,2e-04,166,0.00600816364647804,0.0166425217746495
"288","Acadian Flycatcher","ncbg","50m",614,0.3184,166,0.00600816364647804,0.0166425217746495
"289","Blue-gray Gnatcatcher","ncbg","50m",614,0.1009,166,0.00600816364647804,0.0166425217746495
"290","Carolina Wren","ncbg","50m",614,0.9037,166,0.00600816364647804,0.0166425217746495
"291","Eastern Wood-Pewee","ncbg","50m",614,0.0022,166,0.00600816364647804,0.0166425217746495
"292","Mourning Dove","ncbg","50m",614,0.0099,166,0.00600816364647804,0.0166425217746495
"293","Yellow-billed Cuckoo","ncbg","50m",614,7e-04,166,0.00600816364647804,0.0166425217746495
"294","Acadian Flycatcher","pridge","25m",522,0.9611,143,0.00894848698772802,0.01456446354186
"295","Blue-gray Gnatcatcher","pridge","25m",522,0.9277,143,0.00894848698772802,0.01456446354186
"296","Carolina Wren","pridge","25m",522,0.9737,143,0.00894848698772802,0.01456446354186
"297","Eastern Wood-Pewee","pridge","25m",522,0.8361,143,0.00894848698772802,0.01456446354186
"298","Mourning Dove","pridge","25m",522,0.0325,143,0.00894848698772802,0.01456446354186
"299","Yellow-billed Cuckoo","pridge","25m",522,0.882,143,0.00894848698772802,0.01456446354186
"300","Acadian Flycatcher","pridge","25m",522,0.8717,143,0.00894848698772802,0.01456446354186
"301","Blue-gray Gnatcatcher","pridge","25m",522,0.8898,143,0.00894848698772802,0.01456446354186
"302","Carolina Wren","pridge","25m",522,0.7402,143,0.00894848698772802,0.01456446354186
"303","Eastern Wood-Pewee","pridge","25m",522,0.8593,143,0.00894848698772802,0.01456446354186
"304","Mourning Dove","pridge","25m",522,0.0565,143,0.00894848698772802,0.01456446354186
"305","Yellow-billed Cuckoo","pridge","25m",522,0.958,143,0.00894848698772802,0.01456446354186
"306","Acadian Flycatcher","pridge","25m",522,0.9701,143,0.00894848698772802,0.01456446354186
"307","Blue-gray Gnatcatcher","pridge","25m",522,0.9538,143,0.00894848698772802,0.01456446354186
"308","Carolina Wren","pridge","25m",522,0.9111,143,0.00894848698772802,0.01456446354186
"309","Eastern Wood-Pewee","pridge","25m",522,0.8349,143,0.00894848698772802,0.01456446354186
"310","Mourning Dove","pridge","25m",522,0.008,143,0.00894848698772802,0.01456446354186
"311","Yellow-billed Cuckoo","pridge","25m",522,0.9967,143,0.00894848698772802,0.01456446354186
"312","Acadian Flycatcher","pridge","25m",522,0.9002,143,0.00894848698772802,0.01456446354186
"313","Blue-gray Gnatcatcher","pridge","25m",522,0.9562,143,0.00894848698772802,0.01456446354186
"314","Carolina Wren","pridge","25m",522,0.9486,143,0.00894848698772802,0.01456446354186
"315","Eastern Wood-Pewee","pridge","25m",522,0.8151,143,0.00894848698772802,0.01456446354186
"316","Mourning Dove","pridge","25m",522,0.0362,143,0.00894848698772802,0.01456446354186
"317","Yellow-billed Cuckoo","pridge","25m",522,0.8261,143,0.00894848698772802,0.01456446354186
"318","Acadian Flycatcher","pridge","25m",619,0.7931,171,0.00872178311618176,0.0135295037009605
"319","Blue-gray Gnatcatcher","pridge","25m",619,0.9116,171,0.00872178311618176,0.0135295037009605
"320","Carolina Wren","pridge","25m",619,0.9848,171,0.00872178311618176,0.0135295037009605
"321","Eastern Wood-Pewee","pridge","25m",619,0.8097,171,0.00872178311618176,0.0135295037009605
"322","Mourning Dove","pridge","25m",619,0.3213,171,0.00872178311618176,0.0135295037009605
"323","Yellow-billed Cuckoo","pridge","25m",619,0.459,171,0.00872178311618176,0.0135295037009605
"324","Acadian Flycatcher","pridge","25m",619,0.7009,171,0.00872178311618176,0.0135295037009605
"325","Blue-gray Gnatcatcher","pridge","25m",619,0.9539,171,0.00872178311618176,0.0135295037009605
"326","Carolina Wren","pridge","25m",619,0.9382,171,0.00872178311618176,0.0135295037009605
"327","Eastern Wood-Pewee","pridge","25m",619,0.8097,171,0.00872178311618176,0.0135295037009605
"328","Mourning Dove","pridge","25m",619,0.473,171,0.00872178311618176,0.0135295037009605
"329","Yellow-billed Cuckoo","pridge","25m",619,0.9305,171,0.00872178311618176,0.0135295037009605
"330","Acadian Flycatcher","pridge","25m",619,0.8736,171,0.00872178311618176,0.0135295037009605
"331","Blue-gray Gnatcatcher","pridge","25m",619,0.9452,171,0.00872178311618176,0.0135295037009605
"332","Carolina Wren","pridge","25m",619,0.7649,171,0.00872178311618176,0.0135295037009605
"333","Eastern Wood-Pewee","pridge","25m",619,0.6338,171,0.00872178311618176,0.0135295037009605
"334","Mourning Dove","pridge","25m",619,0.5276,171,0.00872178311618176,0.0135295037009605
"335","Yellow-billed Cuckoo","pridge","25m",619,0.2563,171,0.00872178311618176,0.0135295037009605
"336","Acadian Flycatcher","pridge","50m",522,0.5992,143,0.00894848698772802,0.01456446354186
"337","Blue-gray Gnatcatcher","pridge","50m",522,0.8225,143,0.00894848698772802,0.01456446354186
"338","Carolina Wren","pridge","50m",522,0.8566,143,0.00894848698772802,0.01456446354186
"339","Eastern Wood-Pewee","pridge","50m",522,0.7133,143,0.00894848698772802,0.01456446354186
"340","Mourning Dove","pridge","50m",522,0.0341,143,0.00894848698772802,0.01456446354186
"341","Yellow-billed Cuckoo","pridge","50m",522,0.0167,143,0.00894848698772802,0.01456446354186
"342","Acadian Flycatcher","pridge","50m",522,0.0512,143,0.00894848698772802,0.01456446354186
"343","Blue-gray Gnatcatcher","pridge","50m",522,0.8174,143,0.00894848698772802,0.01456446354186
"344","Carolina Wren","pridge","50m",522,0.929,143,0.00894848698772802,0.01456446354186
"345","Eastern Wood-Pewee","pridge","50m",522,0.5864,143,0.00894848698772802,0.01456446354186
"346","Mourning Dove","pridge","50m",522,0.0037,143,0.00894848698772802,0.01456446354186
"347","Yellow-billed Cuckoo","pridge","50m",522,0.6936,143,0.00894848698772802,0.01456446354186
"348","Acadian Flycatcher","pridge","50m",522,0.9029,143,0.00894848698772802,0.01456446354186
"349","Blue-gray Gnatcatcher","pridge","50m",522,0.8234,143,0.00894848698772802,0.01456446354186
"350","Carolina Wren","pridge","50m",522,0.6759,143,0.00894848698772802,0.01456446354186
"351","Eastern Wood-Pewee","pridge","50m",522,0.838,143,0.00894848698772802,0.01456446354186
"352","Mourning Dove","pridge","50m",522,0.0078,143,0.00894848698772802,0.01456446354186
"353","Yellow-billed Cuckoo","pridge","50m",522,0.8541,143,0.00894848698772802,0.01456446354186
"354","Acadian Flycatcher","pridge","50m",522,0.7359,143,0.00894848698772802,0.01456446354186
"355","Blue-gray Gnatcatcher","pridge","50m",522,0.7753,143,0.00894848698772802,0.01456446354186
"356","Carolina Wren","pridge","50m",522,0.8163,143,0.00894848698772802,0.01456446354186
"357","Eastern Wood-Pewee","pridge","50m",522,0.789,143,0.00894848698772802,0.01456446354186
"358","Mourning Dove","pridge","50m",522,0.0159,143,0.00894848698772802,0.01456446354186
"359","Yellow-billed Cuckoo","pridge","50m",522,0.5155,143,0.00894848698772802,0.01456446354186
"360","Acadian Flycatcher","pridge","50m",619,0.0186,171,0.00872178311618176,0.0135295037009605
"361","Blue-gray Gnatcatcher","pridge","50m",619,0.8799,171,0.00872178311618176,0.0135295037009605
"362","Carolina Wren","pridge","50m",619,0.8302,171,0.00872178311618176,0.0135295037009605
"363","Eastern Wood-Pewee","pridge","50m",619,0.4203,171,0.00872178311618176,0.0135295037009605
"364","Mourning Dove","pridge","50m",619,0.0026,171,0.00872178311618176,0.0135295037009605
"365","Yellow-billed Cuckoo","pridge","50m",619,0.0175,171,0.00872178311618176,0.0135295037009605
"366","Acadian Flycatcher","pridge","50m",619,0.573,171,0.00872178311618176,0.0135295037009605
"367","Blue-gray Gnatcatcher","pridge","50m",619,0.9228,171,0.00872178311618176,0.0135295037009605
"368","Carolina Wren","pridge","50m",619,0.9919,171,0.00872178311618176,0.0135295037009605
"369","Eastern Wood-Pewee","pridge","50m",619,0.8359,171,0.00872178311618176,0.0135295037009605
"370","Mourning Dove","pridge","50m",619,0.0042,171,0.00872178311618176,0.0135295037009605
"371","Yellow-billed Cuckoo","pridge","50m",619,0.4778,171,0.00872178311618176,0.0135295037009605
"372","Acadian Flycatcher","pridge","50m",619,0.2482,171,0.00872178311618176,0.0135295037009605
"373","Blue-gray Gnatcatcher","pridge","50m",619,0.5465,171,0.00872178311618176,0.0135295037009605
"374","Carolina Wren","pridge","50m",619,0.6499,171,0.00872178311618176,0.0135295037009605
"375","Eastern Wood-Pewee","pridge","50m",619,0.4893,171,0.00872178311618176,0.0135295037009605
"376","Mourning Dove","pridge","50m",619,0.0118,171,0.00872178311618176,0.0135295037009605
"377","Yellow-billed Cuckoo","pridge","50m",619,0.1305,171,0.00872178311618176,0.0135295037009605
"378","Acadian Flycatcher","pridge","50m",619,3e-04,171,0.00872178311618176,0.0135295037009605
"379","Blue-gray Gnatcatcher","pridge","50m",619,0.5772,171,0.00872178311618176,0.0135295037009605
"380","Carolina Wren","pridge","50m",619,0.876,171,0.00872178311618176,0.0135295037009605
"381","Eastern Wood-Pewee","pridge","50m",619,0.3351,171,0.00872178311618176,0.0135295037009605
"382","Mourning Dove","pridge","50m",619,0.0044,171,0.00872178311618176,0.0135295037009605
"383","Yellow-billed Cuckoo","pridge","50m",619,0.5071,171,0.00872178311618176,0.0135295037009605
"384","Acadian Flycatcher","unc","25m",516,0.8581,137,0.0292015598263108,0.0668461296175568
"385","Acadian Flycatcher","unc","25m",516,6e-04,137,0.0292015598263108,0.0668461296175568
"386","Acadian Flycatcher","unc","25m",516,0.836,137,0.0292015598263108,0.0668461296175568
"387","Blue-gray Gnatcatcher","unc","25m",516,0.0117,137,0.0292015598263108,0.0668461296175568
"388","Blue-gray Gnatcatcher","unc","25m",516,0.1298,137,0.0292015598263108,0.0668461296175568
"389","Blue-gray Gnatcatcher","unc","25m",516,0.7645,137,0.0292015598263108,0.0668461296175568
"390","Carolina Wren","unc","25m",516,0.5446,137,0.0292015598263108,0.0668461296175568
"391","Carolina Wren","unc","25m",516,0.4686,137,0.0292015598263108,0.0668461296175568
"392","Carolina Wren","unc","25m",516,0.4845,137,0.0292015598263108,0.0668461296175568
"393","Eastern Wood-Pewee","unc","25m",516,0.5214,137,0.0292015598263108,0.0668461296175568
"394","Eastern Wood-Pewee","unc","25m",516,0.7591,137,0.0292015598263108,0.0668461296175568
"395","Eastern Wood-Pewee","unc","25m",516,0.7433,137,0.0292015598263108,0.0668461296175568
"396","Mourning Dove","unc","25m",516,0.0026,137,0.0292015598263108,0.0668461296175568
"397","Mourning Dove","unc","25m",516,0.0046,137,0.0292015598263108,0.0668461296175568
"398","Mourning Dove","unc","25m",516,3e-04,137,0.0292015598263108,0.0668461296175568
"399","Yellow-billed Cuckoo","unc","25m",516,0.0012,137,0.0292015598263108,0.0668461296175568
"400","Yellow-billed Cuckoo","unc","25m",516,3e-04,137,0.0292015598263108,0.0668461296175568
"401","Yellow-billed Cuckoo","unc","25m",516,1e-04,137,0.0292015598263108,0.0668461296175568
"402","Acadian Flycatcher","unc","25m",523,0.3932,144,0.019233370796968,0.0427830938926686
"403","Blue-gray Gnatcatcher","unc","25m",523,0.3052,144,0.019233370796968,0.0427830938926686
"404","Carolina Wren","unc","25m",523,0.6735,144,0.019233370796968,0.0427830938926686
"405","Eastern Wood-Pewee","unc","25m",523,0.8508,144,0.019233370796968,0.0427830938926686
"406","Mourning Dove","unc","25m",523,0.0018,144,0.019233370796968,0.0427830938926686
"407","Yellow-billed Cuckoo","unc","25m",523,0.0018,144,0.019233370796968,0.0427830938926686
"408","Acadian Flycatcher","unc","25m",523,0.9141,144,0.019233370796968,0.0427830938926686
"409","Blue-gray Gnatcatcher","unc","25m",523,0.6863,144,0.019233370796968,0.0427830938926686
"410","Carolina Wren","unc","25m",523,0.921,144,0.019233370796968,0.0427830938926686
"411","Eastern Wood-Pewee","unc","25m",523,0.6796,144,0.019233370796968,0.0427830938926686
"412","Mourning Dove","unc","25m",523,0.0093,144,0.019233370796968,0.0427830938926686
"413","Yellow-billed Cuckoo","unc","25m",523,0.0043,144,0.019233370796968,0.0427830938926686
"414","Acadian Flycatcher","unc","25m",523,0.9849,144,0.019233370796968,0.0427830938926686
"415","Blue-gray Gnatcatcher","unc","25m",523,0.6607,144,0.019233370796968,0.0427830938926686
"416","Carolina Wren","unc","25m",523,0.9578,144,0.019233370796968,0.0427830938926686
"417","Eastern Wood-Pewee","unc","25m",523,0.9425,144,0.019233370796968,0.0427830938926686
"418","Mourning Dove","unc","25m",523,0.001,144,0.019233370796968,0.0427830938926686
"419","Yellow-billed Cuckoo","unc","25m",523,9e-04,144,0.019233370796968,0.0427830938926686
"420","Acadian Flycatcher","unc","25m",620,0.8837,172,0.00965093426103,0.0185319477506571
"421","Blue-gray Gnatcatcher","unc","25m",620,0.4805,172,0.00965093426103,0.0185319477506571
"422","Carolina Wren","unc","25m",620,0.6021,172,0.00965093426103,0.0185319477506571
"423","Eastern Wood-Pewee","unc","25m",620,0.5689,172,0.00965093426103,0.0185319477506571
"424","Mourning Dove","unc","25m",620,0.0047,172,0.00965093426103,0.0185319477506571
"425","Yellow-billed Cuckoo","unc","25m",620,0.0016,172,0.00965093426103,0.0185319477506571
"426","Acadian Flycatcher","unc","25m",620,0.8023,172,0.00965093426103,0.0185319477506571
"427","Blue-gray Gnatcatcher","unc","25m",620,0.6133,172,0.00965093426103,0.0185319477506571
"428","Carolina Wren","unc","25m",620,0.8786,172,0.00965093426103,0.0185319477506571
"429","Eastern Wood-Pewee","unc","25m",620,0.7562,172,0.00965093426103,0.0185319477506571
"430","Mourning Dove","unc","25m",620,0.0014,172,0.00965093426103,0.0185319477506571
"431","Yellow-billed Cuckoo","unc","25m",620,0.0038,172,0.00965093426103,0.0185319477506571
"432","Acadian Flycatcher","unc","25m",620,0.6691,172,0.00965093426103,0.0185319477506571
"433","Blue-gray Gnatcatcher","unc","25m",620,0.8345,172,0.00965093426103,0.0185319477506571
"434","Carolina Wren","unc","25m",620,0.8459,172,0.00965093426103,0.0185319477506571
"435","Eastern Wood-Pewee","unc","25m",620,0.5723,172,0.00965093426103,0.0185319477506571
"436","Mourning Dove","unc","25m",620,0.0029,172,0.00965093426103,0.0185319477506571
"437","Yellow-billed Cuckoo","unc","25m",620,0.0017,172,0.00965093426103,0.0185319477506571
"438","Acadian Flycatcher","unc","50m",523,0.0106,144,0.019233370796968,0.0427830938926686
"439","Blue-gray Gnatcatcher","unc","50m",523,0.1437,144,0.019233370796968,0.0427830938926686
"440","Carolina Wren","unc","50m",523,0.3364,144,0.019233370796968,0.0427830938926686
"441","Eastern Wood-Pewee","unc","50m",523,0.0601,144,0.019233370796968,0.0427830938926686
"442","Mourning Dove","unc","50m",523,0.0013,144,0.019233370796968,0.0427830938926686
"443","Yellow-billed Cuckoo","unc","50m",523,1e-04,144,0.019233370796968,0.0427830938926686
"444","Acadian Flycatcher","unc","50m",523,0.0812,144,0.019233370796968,0.0427830938926686
"445","Blue-gray Gnatcatcher","unc","50m",523,0.1145,144,0.019233370796968,0.0427830938926686
"446","Carolina Wren","unc","50m",523,0.6835,144,0.019233370796968,0.0427830938926686
"447","Eastern Wood-Pewee","unc","50m",523,0.0498,144,0.019233370796968,0.0427830938926686
"448","Mourning Dove","unc","50m",523,0.0115,144,0.019233370796968,0.0427830938926686
"449","Yellow-billed Cuckoo","unc","50m",523,0.0015,144,0.019233370796968,0.0427830938926686
"450","Acadian Flycatcher","unc","50m",523,0.0378,144,0.019233370796968,0.0427830938926686
"451","Blue-gray Gnatcatcher","unc","50m",523,0.0763,144,0.019233370796968,0.0427830938926686
"452","Carolina Wren","unc","50m",523,0.4626,144,0.019233370796968,0.0427830938926686
"453","Eastern Wood-Pewee","unc","50m",523,0.7483,144,0.019233370796968,0.0427830938926686
"454","Mourning Dove","unc","50m",523,0.0019,144,0.019233370796968,0.0427830938926686
"455","Yellow-billed Cuckoo","unc","50m",523,0.0016,144,0.019233370796968,0.0427830938926686
"456","Acadian Flycatcher","unc","50m",620,0.084,172,0.00965093426103,0.0185319477506571
"457","Blue-gray Gnatcatcher","unc","50m",620,0.0504,172,0.00965093426103,0.0185319477506571
"458","Carolina Wren","unc","50m",620,0.0348,172,0.00965093426103,0.0185319477506571
"459","Eastern Wood-Pewee","unc","50m",620,0.0751,172,0.00965093426103,0.0185319477506571
"460","Mourning Dove","unc","50m",620,0.0044,172,0.00965093426103,0.0185319477506571
"461","Yellow-billed Cuckoo","unc","50m",620,8e-04,172,0.00965093426103,0.0185319477506571
"462","Acadian Flycatcher","unc","50m",620,0.2049,172,0.00965093426103,0.0185319477506571
"463","Blue-gray Gnatcatcher","unc","50m",620,0.178,172,0.00965093426103,0.0185319477506571
"464","Carolina Wren","unc","50m",620,0.6958,172,0.00965093426103,0.0185319477506571
"465","Eastern Wood-Pewee","unc","50m",620,0.0785,172,0.00965093426103,0.0185319477506571
"466","Mourning Dove","unc","50m",620,0.0022,172,0.00965093426103,0.0185319477506571
"467","Yellow-billed Cuckoo","unc","50m",620,0.0026,172,0.00965093426103,0.0185319477506571
"468","Acadian Flycatcher","unc","50m",620,0.0055,172,0.00965093426103,0.0185319477506571
"469","Blue-gray Gnatcatcher","unc","50m",620,0.1343,172,0.00965093426103,0.0185319477506571
"470","Carolina Wren","unc","50m",620,0.6594,172,0.00965093426103,0.0185319477506571
"471","Eastern Wood-Pewee","unc","50m",620,0.0124,172,0.00965093426103,0.0185319477506571
"472","Mourning Dove","unc","50m",620,0.0037,172,0.00965093426103,0.0185319477506571
"473","Yellow-billed Cuckoo","unc","50m",620,0.0018,172,0.00965093426103,0.0185319477506571
